sku,name,category,quantity,reorder_level,location,supplier
HSP00001,"PPE Item 1",PPE,134,26,"Ward 9 - Shelf 5",Supplier 2
HSP00002,"Equipment Item 2",Equipment,69,13,"Ward 9 - Shelf 1",Supplier 3
HSP00003,"Medication Item 3",Medication,3,10,"Ward 8 - Shelf 5",Supplier 4
HSP00004,"Surgical Item 4",Surgical,154,30,"Ward 7 - Shelf 5",Supplier 5
HSP00005,"Diagnostics Item 5",Diagnostics,9,10,"Ward 5 - Shelf 4",Supplier 6
HSP00006,"Cleaning Item 6",Cleaning,24,10,"Ward 7 - Shelf 3",Supplier 7
HSP00007,"Office Item 7",Office,11,10,"Ward 6 - Shelf 1",Supplier 8
HSP00008,"Consumables Item 8",Consumables,178,35,"Ward 9 - Shelf 5",Supplier 9
HSP00009,"PPE Item 9",PPE,179,35,"Ward 4 - Shelf 4",Supplier 10
HSP00010,"Equipment Item 10",Equipment,48,10,"Ward 1 - Shelf 1",Supplier 1
HSP00011,"Medication Item 11",Medication,127,25,"Ward 6 - Shelf 1",Supplier 2
HSP00012,"Surgical Item 12",Surgical,88,17,"Ward 8 - Shelf 6",Supplier 3
HSP00013,"Diagnostics Item 13",Diagnostics,52,10,"Ward 6 - Shelf 6",Supplier 4
HSP00014,"Cleaning Item 14",Cleaning,70,14,"Ward 3 - Shelf 1",Supplier 5
HSP00015,"Office Item 15",Office,123,24,"Ward 6 - Shelf 5",Supplier 6
HSP00016,"Consumables Item 16",Consumables,42,10,"Ward 3 - Shelf 2",Supplier 7
HSP00017,"PPE Item 17",PPE,86,17,"Ward 2 - Shelf 3",Supplier 8
HSP00018,"Equipment Item 18",Equipment,177,35,"Ward 6 - Shelf 6",Supplier 9
HSP00019,"Medication Item 19",Medication,80,16,"Ward 7 - Shelf 2",Supplier 10
HSP00020,"Surgical Item 20",Surgical,135,27,"Ward 7 - Shelf 6",Supplier 1
HSP00021,"Diagnostics Item 21",Diagnostics,25,10,"Ward 10 - Shelf 5",Supplier 2
HSP00022,"Cleaning Item 22",Cleaning,166,33,"Ward 5 - Shelf 5",Supplier 3
HSP00023,"Office Item 23",Office,146,29,"Ward 8 - Shelf 4",Supplier 4
HSP00024,"Consumables Item 24",Consumables,10,10,"Ward 2 - Shelf 2",Supplier 5
HSP00025,"PPE Item 25",PPE,76,15,"Ward 1 - Shelf 4",Supplier 6
HSP00026,"Equipment Item 26",Equipment,9,10,"Ward 1 - Shelf 1",Supplier 7
HSP00027,"Medication Item 27",Medication,175,35,"Ward 2 - Shelf 1",Supplier 8
HSP00028,"Surgical Item 28",Surgical,23,10,"Ward 10 - Shelf 6",Supplier 9
HSP00029,"Diagnostics Item 29",Diagnostics,176,35,"Ward 10 - Shelf 2",Supplier 10
HSP00030,"Cleaning Item 30",Cleaning,97,19,"Ward 4 - Shelf 2",Supplier 1
HSP00031,"Office Item 31",Office,38,10,"Ward 7 - Shelf 3",Supplier 2
HSP00032,"Consumables Item 32",Consumables,132,26,"Ward 7 - Shelf 2",Supplier 3
HSP00033,"PPE Item 33",PPE,65,13,"Ward 7 - Shelf 5",Supplier 4
HSP00034,"Equipment Item 34",Equipment,174,34,"Ward 5 - Shelf 6",Supplier 5
HSP00035,"Medication Item 35",Medication,152,30,"Ward 8 - Shelf 1",Supplier 6
HSP00036,"Surgical Item 36",Surgical,79,15,"Ward 7 - Shelf 6",Supplier 7
HSP00037,"Diagnostics Item 37",Diagnostics,192,38,"Ward 8 - Shelf 1",Supplier 8
HSP00038,"Cleaning Item 38",Cleaning,94,18,"Ward 6 - Shelf 5",Supplier 9
HSP00039,"Office Item 39",Office,52,10,"Ward 8 - Shelf 5",Supplier 10
HSP00040,"Consumables Item 40",Consumables,143,28,"Ward 4 - Shelf 5",Supplier 1
HSP00041,"PPE Item 41",PPE,25,10,"Ward 1 - Shelf 2",Supplier 2
HSP00042,"Equipment Item 42",Equipment,112,22,"Ward 7 - Shelf 3",Supplier 3
HSP00043,"Medication Item 43",Medication,125,25,"Ward 7 - Shelf 2",Supplier 4
HSP00044,"Surgical Item 44",Surgical,166,33,"Ward 2 - Shelf 1",Supplier 5
HSP00045,"Diagnostics Item 45",Diagnostics,141,28,"Ward 5 - Shelf 3",Supplier 6
HSP00046,"Cleaning Item 46",Cleaning,189,37,"Ward 3 - Shelf 5",Supplier 7
HSP00047,"Office Item 47",Office,180,36,"Ward 6 - Shelf 1",Supplier 8
HSP00048,"Consumables Item 48",Consumables,116,23,"Ward 10 - Shelf 4",Supplier 9
HSP00049,"PPE Item 49",PPE,8,10,"Ward 1 - Shelf 6",Supplier 10
HSP00050,"Equipment Item 50",Equipment,17,10,"Ward 4 - Shelf 5",Supplier 1
HSP00051,"Medication Item 51",Medication,12,10,"Ward 10 - Shelf 1",Supplier 2
HSP00052,"Surgical Item 52",Surgical,27,10,"Ward 5 - Shelf 6",Supplier 3
HSP00053,"Diagnostics Item 53",Diagnostics,158,31,"Ward 1 - Shelf 3",Supplier 4
HSP00054,"Cleaning Item 54",Cleaning,174,34,"Ward 4 - Shelf 3",Supplier 5
HSP00055,"Office Item 55",Office,28,10,"Ward 5 - Shelf 2",Supplier 6
HSP00056,"Consumables Item 56",Consumables,173,34,"Ward 9 - Shelf 2",Supplier 7
HSP00057,"PPE Item 57",PPE,13,10,"Ward 9 - Shelf 6",Supplier 8
HSP00058,"Equipment Item 58",Equipment,61,12,"Ward 1 - Shelf 4",Supplier 9
HSP00059,"Medication Item 59",Medication,145,29,"Ward 5 - Shelf 5",Supplier 10
HSP00060,"Surgical Item 60",Surgical,200,40,"Ward 4 - Shelf 2",Supplier 1
HSP00061,"Diagnostics Item 61",Diagnostics,162,32,"Ward 8 - Shelf 3",Supplier 2
HSP00062,"Cleaning Item 62",Cleaning,94,18,"Ward 7 - Shelf 6",Supplier 3
HSP00063,"Office Item 63",Office,0,10,"Ward 3 - Shelf 6",Supplier 4
HSP00064,"Consumables Item 64",Consumables,102,20,"Ward 7 - Shelf 1",Supplier 5
HSP00065,"PPE Item 65",PPE,49,10,"Ward 5 - Shelf 1",Supplier 6
HSP00066,"Equipment Item 66",Equipment,139,27,"Ward 9 - Shelf 2",Supplier 7
HSP00067,"Medication Item 67",Medication,40,10,"Ward 3 - Shelf 6",Supplier 8
HSP00068,"Surgical Item 68",Surgical,160,32,"Ward 6 - Shelf 3",Supplier 9
HSP00069,"Diagnostics Item 69",Diagnostics,171,34,"Ward 8 - Shelf 3",Supplier 10
HSP00070,"Cleaning Item 70",Cleaning,35,10,"Ward 8 - Shelf 1",Supplier 1
HSP00071,"Office Item 71",Office,57,11,"Ward 9 - Shelf 5",Supplier 2
HSP00072,"Consumables Item 72",Consumables,151,30,"Ward 4 - Shelf 6",Supplier 3
HSP00073,"PPE Item 73",PPE,105,21,"Ward 8 - Shelf 5",Supplier 4
HSP00074,"Equipment Item 74",Equipment,150,30,"Ward 8 - Shelf 3",Supplier 5
HSP00075,"Medication Item 75",Medication,73,14,"Ward 10 - Shelf 2",Supplier 6
HSP00076,"Surgical Item 76",Surgical,54,10,"Ward 7 - Shelf 1",Supplier 7
HSP00077,"Diagnostics Item 77",Diagnostics,5,10,"Ward 8 - Shelf 2",Supplier 8
HSP00078,"Cleaning Item 78",Cleaning,49,10,"Ward 9 - Shelf 3",Supplier 9
HSP00079,"Office Item 79",Office,24,10,"Ward 9 - Shelf 4",Supplier 10
HSP00080,"Consumables Item 80",Consumables,121,24,"Ward 10 - Shelf 3",Supplier 1
HSP00081,"PPE Item 81",PPE,179,35,"Ward 3 - Shelf 5",Supplier 2
HSP00082,"Equipment Item 82",Equipment,11,10,"Ward 7 - Shelf 6",Supplier 3
HSP00083,"Medication Item 83",Medication,100,20,"Ward 5 - Shelf 4",Supplier 4
HSP00084,"Surgical Item 84",Surgical,54,10,"Ward 2 - Shelf 3",Supplier 5
HSP00085,"Diagnostics Item 85",Diagnostics,159,31,"Ward 2 - Shelf 5",Supplier 6
HSP00086,"Cleaning Item 86",Cleaning,49,10,"Ward 1 - Shelf 2",Supplier 7
HSP00087,"Office Item 87",Office,82,16,"Ward 6 - Shelf 3",Supplier 8
HSP00088,"Consumables Item 88",Consumables,121,24,"Ward 4 - Shelf 5",Supplier 9
HSP00089,"PPE Item 89",PPE,113,22,"Ward 3 - Shelf 1",Supplier 10
HSP00090,"Equipment Item 90",Equipment,26,10,"Ward 7 - Shelf 5",Supplier 1
HSP00091,"Medication Item 91",Medication,146,29,"Ward 1 - Shelf 4",Supplier 2
HSP00092,"Surgical Item 92",Surgical,43,10,"Ward 2 - Shelf 1",Supplier 3
HSP00093,"Diagnostics Item 93",Diagnostics,79,15,"Ward 4 - Shelf 6",Supplier 4
HSP00094,"Cleaning Item 94",Cleaning,177,35,"Ward 10 - Shelf 3",Supplier 5
HSP00095,"Office Item 95",Office,13,10,"Ward 4 - Shelf 1",Supplier 6
HSP00096,"Consumables Item 96",Consumables,128,25,"Ward 3 - Shelf 4",Supplier 7
HSP00097,"PPE Item 97",PPE,112,22,"Ward 3 - Shelf 5",Supplier 8
HSP00098,"Equipment Item 98",Equipment,129,25,"Ward 4 - Shelf 5",Supplier 9
HSP00099,"Medication Item 99",Medication,7,10,"Ward 10 - Shelf 4",Supplier 10
HSP00100,"Surgical Item 100",Surgical,66,13,"Ward 6 - Shelf 6",Supplier 1
HSP00101,"Diagnostics Item 101",Diagnostics,11,10,"Ward 1 - Shelf 6",Supplier 2
HSP00102,"Cleaning Item 102",Cleaning,126,25,"Ward 6 - Shelf 4",Supplier 3
HSP00103,"Office Item 103",Office,87,17,"Ward 9 - Shelf 1",Supplier 4
HSP00104,"Consumables Item 104",Consumables,178,35,"Ward 10 - Shelf 5",Supplier 5
HSP00105,"PPE Item 105",PPE,42,10,"Ward 10 - Shelf 1",Supplier 6
HSP00106,"Equipment Item 106",Equipment,180,36,"Ward 2 - Shelf 2",Supplier 7
HSP00107,"Medication Item 107",Medication,66,13,"Ward 6 - Shelf 3",Supplier 8
HSP00108,"Surgical Item 108",Surgical,3,10,"Ward 5 - Shelf 6",Supplier 9
HSP00109,"Diagnostics Item 109",Diagnostics,150,30,"Ward 5 - Shelf 6",Supplier 10
HSP00110,"Cleaning Item 110",Cleaning,126,25,"Ward 2 - Shelf 6",Supplier 1
HSP00111,"Office Item 111",Office,80,16,"Ward 3 - Shelf 6",Supplier 2
HSP00112,"Consumables Item 112",Consumables,121,24,"Ward 6 - Shelf 5",Supplier 3
HSP00113,"PPE Item 113",PPE,155,31,"Ward 4 - Shelf 2",Supplier 4
HSP00114,"Equipment Item 114",Equipment,72,14,"Ward 4 - Shelf 2",Supplier 5
HSP00115,"Medication Item 115",Medication,48,10,"Ward 3 - Shelf 4",Supplier 6
HSP00116,"Surgical Item 116",Surgical,41,10,"Ward 5 - Shelf 2",Supplier 7
HSP00117,"Diagnostics Item 117",Diagnostics,106,21,"Ward 10 - Shelf 3",Supplier 8
HSP00118,"Cleaning Item 118",Cleaning,64,12,"Ward 6 - Shelf 4",Supplier 9
HSP00119,"Office Item 119",Office,199,39,"Ward 2 - Shelf 2",Supplier 10
HSP00120,"Consumables Item 120",Consumables,165,33,"Ward 5 - Shelf 5",Supplier 1
HSP00121,"PPE Item 121",PPE,5,10,"Ward 1 - Shelf 2",Supplier 2
HSP00122,"Equipment Item 122",Equipment,196,39,"Ward 1 - Shelf 3",Supplier 3
HSP00123,"Medication Item 123",Medication,50,10,"Ward 1 - Shelf 4",Supplier 4
HSP00124,"Surgical Item 124",Surgical,49,10,"Ward 8 - Shelf 3",Supplier 5
HSP00125,"Diagnostics Item 125",Diagnostics,163,32,"Ward 8 - Shelf 5",Supplier 6
HSP00126,"Cleaning Item 126",Cleaning,138,27,"Ward 3 - Shelf 3",Supplier 7
HSP00127,"Office Item 127",Office,198,39,"Ward 8 - Shelf 6",Supplier 8
HSP00128,"Consumables Item 128",Consumables,47,10,"Ward 1 - Shelf 3",Supplier 9
HSP00129,"PPE Item 129",PPE,146,29,"Ward 10 - Shelf 1",Supplier 10
HSP00130,"Equipment Item 130",Equipment,145,29,"Ward 10 - Shelf 1",Supplier 1
HSP00131,"Medication Item 131",Medication,192,38,"Ward 2 - Shelf 6",Supplier 2
HSP00132,"Surgical Item 132",Surgical,167,33,"Ward 8 - Shelf 5",Supplier 3
HSP00133,"Diagnostics Item 133",Diagnostics,19,10,"Ward 10 - Shelf 5",Supplier 4
HSP00134,"Cleaning Item 134",Cleaning,98,19,"Ward 9 - Shelf 5",Supplier 5
HSP00135,"Office Item 135",Office,6,10,"Ward 2 - Shelf 2",Supplier 6
HSP00136,"Consumables Item 136",Consumables,19,10,"Ward 10 - Shelf 4",Supplier 7
HSP00137,"PPE Item 137",PPE,129,25,"Ward 7 - Shelf 6",Supplier 8
HSP00138,"Equipment Item 138",Equipment,62,12,"Ward 1 - Shelf 5",Supplier 9
HSP00139,"Medication Item 139",Medication,118,23,"Ward 4 - Shelf 4",Supplier 10
HSP00140,"Surgical Item 140",Surgical,183,36,"Ward 5 - Shelf 4",Supplier 1
HSP00141,"Diagnostics Item 141",Diagnostics,156,31,"Ward 8 - Shelf 6",Supplier 2
HSP00142,"Cleaning Item 142",Cleaning,151,30,"Ward 9 - Shelf 1",Supplier 3
HSP00143,"Office Item 143",Office,84,16,"Ward 8 - Shelf 1",Supplier 4
HSP00144,"Consumables Item 144",Consumables,84,16,"Ward 6 - Shelf 5",Supplier 5
HSP00145,"PPE Item 145",PPE,42,10,"Ward 1 - Shelf 6",Supplier 6
HSP00146,"Equipment Item 146",Equipment,62,12,"Ward 5 - Shelf 1",Supplier 7
HSP00147,"Medication Item 147",Medication,41,10,"Ward 5 - Shelf 4",Supplier 8
HSP00148,"Surgical Item 148",Surgical,109,21,"Ward 2 - Shelf 2",Supplier 9
HSP00149,"Diagnostics Item 149",Diagnostics,27,10,"Ward 3 - Shelf 4",Supplier 10
HSP00150,"Cleaning Item 150",Cleaning,6,10,"Ward 4 - Shelf 6",Supplier 1
HSP00151,"Office Item 151",Office,200,40,"Ward 2 - Shelf 2",Supplier 2
HSP00152,"Consumables Item 152",Consumables,95,19,"Ward 10 - Shelf 1",Supplier 3
HSP00153,"PPE Item 153",PPE,123,24,"Ward 10 - Shelf 3",Supplier 4
HSP00154,"Equipment Item 154",Equipment,81,16,"Ward 5 - Shelf 5",Supplier 5
HSP00155,"Medication Item 155",Medication,35,10,"Ward 10 - Shelf 4",Supplier 6
HSP00156,"Surgical Item 156",Surgical,158,31,"Ward 9 - Shelf 1",Supplier 7
HSP00157,"Diagnostics Item 157",Diagnostics,41,10,"Ward 2 - Shelf 2",Supplier 8
HSP00158,"Cleaning Item 158",Cleaning,33,10,"Ward 1 - Shelf 5",Supplier 9
HSP00159,"Office Item 159",Office,52,10,"Ward 3 - Shelf 1",Supplier 10
HSP00160,"Consumables Item 160",Consumables,124,24,"Ward 8 - Shelf 5",Supplier 1
HSP00161,"PPE Item 161",PPE,121,24,"Ward 1 - Shelf 6",Supplier 2
HSP00162,"Equipment Item 162",Equipment,59,11,"Ward 6 - Shelf 5",Supplier 3
HSP00163,"Medication Item 163",Medication,144,28,"Ward 9 - Shelf 1",Supplier 4
HSP00164,"Surgical Item 164",Surgical,46,10,"Ward 6 - Shelf 6",Supplier 5
HSP00165,"Diagnostics Item 165",Diagnostics,36,10,"Ward 8 - Shelf 6",Supplier 6
HSP00166,"Cleaning Item 166",Cleaning,128,25,"Ward 9 - Shelf 2",Supplier 7
HSP00167,"Office Item 167",Office,117,23,"Ward 2 - Shelf 6",Supplier 8
HSP00168,"Consumables Item 168",Consumables,176,35,"Ward 6 - Shelf 1",Supplier 9
HSP00169,"PPE Item 169",PPE,44,10,"Ward 8 - Shelf 5",Supplier 10
HSP00170,"Equipment Item 170",Equipment,118,23,"Ward 2 - Shelf 2",Supplier 1
HSP00171,"Medication Item 171",Medication,182,36,"Ward 2 - Shelf 2",Supplier 2
HSP00172,"Surgical Item 172",Surgical,173,34,"Ward 2 - Shelf 2",Supplier 3
HSP00173,"Diagnostics Item 173",Diagnostics,128,25,"Ward 7 - Shelf 6",Supplier 4
HSP00174,"Cleaning Item 174",Cleaning,132,26,"Ward 1 - Shelf 6",Supplier 5
HSP00175,"Office Item 175",Office,70,14,"Ward 9 - Shelf 6",Supplier 6
HSP00176,"Consumables Item 176",Consumables,126,25,"Ward 5 - Shelf 2",Supplier 7
HSP00177,"PPE Item 177",PPE,141,28,"Ward 10 - Shelf 6",Supplier 8
HSP00178,"Equipment Item 178",Equipment,195,39,"Ward 5 - Shelf 3",Supplier 9
HSP00179,"Medication Item 179",Medication,101,20,"Ward 9 - Shelf 4",Supplier 10
HSP00180,"Surgical Item 180",Surgical,55,11,"Ward 9 - Shelf 2",Supplier 1
HSP00181,"Diagnostics Item 181",Diagnostics,182,36,"Ward 10 - Shelf 3",Supplier 2
HSP00182,"Cleaning Item 182",Cleaning,74,14,"Ward 10 - Shelf 2",Supplier 3
HSP00183,"Office Item 183",Office,89,17,"Ward 4 - Shelf 6",Supplier 4
HSP00184,"Consumables Item 184",Consumables,51,10,"Ward 2 - Shelf 4",Supplier 5
HSP00185,"PPE Item 185",PPE,12,10,"Ward 2 - Shelf 5",Supplier 6
HSP00186,"Equipment Item 186",Equipment,47,10,"Ward 9 - Shelf 2",Supplier 7
HSP00187,"Medication Item 187",Medication,116,23,"Ward 6 - Shelf 6",Supplier 8
HSP00188,"Surgical Item 188",Surgical,14,10,"Ward 4 - Shelf 6",Supplier 9
HSP00189,"Diagnostics Item 189",Diagnostics,166,33,"Ward 10 - Shelf 2",Supplier 10
HSP00190,"Cleaning Item 190",Cleaning,26,10,"Ward 4 - Shelf 1",Supplier 1
HSP00191,"Office Item 191",Office,22,10,"Ward 2 - Shelf 1",Supplier 2
HSP00192,"Consumables Item 192",Consumables,124,24,"Ward 10 - Shelf 5",Supplier 3
HSP00193,"PPE Item 193",PPE,33,10,"Ward 7 - Shelf 5",Supplier 4
HSP00194,"Equipment Item 194",Equipment,58,11,"Ward 2 - Shelf 1",Supplier 5
HSP00195,"Medication Item 195",Medication,66,13,"Ward 8 - Shelf 4",Supplier 6
HSP00196,"Surgical Item 196",Surgical,112,22,"Ward 2 - Shelf 3",Supplier 7
HSP00197,"Diagnostics Item 197",Diagnostics,61,12,"Ward 9 - Shelf 6",Supplier 8
HSP00198,"Cleaning Item 198",Cleaning,78,15,"Ward 8 - Shelf 3",Supplier 9
HSP00199,"Office Item 199",Office,70,14,"Ward 8 - Shelf 1",Supplier 10
HSP00200,"Consumables Item 200",Consumables,89,17,"Ward 4 - Shelf 5",Supplier 1
HSP00201,"PPE Item 201",PPE,190,38,"Ward 6 - Shelf 3",Supplier 2
HSP00202,"Equipment Item 202",Equipment,194,38,"Ward 2 - Shelf 5",Supplier 3
HSP00203,"Medication Item 203",Medication,23,10,"Ward 9 - Shelf 4",Supplier 4
HSP00204,"Surgical Item 204",Surgical,193,38,"Ward 3 - Shelf 5",Supplier 5
HSP00205,"Diagnostics Item 205",Diagnostics,111,22,"Ward 8 - Shelf 2",Supplier 6
HSP00206,"Cleaning Item 206",Cleaning,158,31,"Ward 8 - Shelf 3",Supplier 7
HSP00207,"Office Item 207",Office,165,33,"Ward 6 - Shelf 3",Supplier 8
HSP00208,"Consumables Item 208",Consumables,93,18,"Ward 2 - Shelf 1",Supplier 9
HSP00209,"PPE Item 209",PPE,105,21,"Ward 8 - Shelf 2",Supplier 10
HSP00210,"Equipment Item 210",Equipment,118,23,"Ward 2 - Shelf 1",Supplier 1
HSP00211,"Medication Item 211",Medication,160,32,"Ward 9 - Shelf 3",Supplier 2
HSP00212,"Surgical Item 212",Surgical,63,12,"Ward 10 - Shelf 5",Supplier 3
HSP00213,"Diagnostics Item 213",Diagnostics,102,20,"Ward 5 - Shelf 6",Supplier 4
HSP00214,"Cleaning Item 214",Cleaning,62,12,"Ward 7 - Shelf 4",Supplier 5
HSP00215,"Office Item 215",Office,196,39,"Ward 1 - Shelf 4",Supplier 6
HSP00216,"Consumables Item 216",Consumables,200,40,"Ward 10 - Shelf 4",Supplier 7
HSP00217,"PPE Item 217",PPE,179,35,"Ward 8 - Shelf 6",Supplier 8
HSP00218,"Equipment Item 218",Equipment,161,32,"Ward 10 - Shelf 4",Supplier 9
HSP00219,"Medication Item 219",Medication,132,26,"Ward 3 - Shelf 3",Supplier 10
HSP00220,"Surgical Item 220",Surgical,198,39,"Ward 8 - Shelf 2",Supplier 1
HSP00221,"Diagnostics Item 221",Diagnostics,4,10,"Ward 5 - Shelf 6",Supplier 2
HSP00222,"Cleaning Item 222",Cleaning,153,30,"Ward 3 - Shelf 5",Supplier 3
HSP00223,"Office Item 223",Office,63,12,"Ward 8 - Shelf 4",Supplier 4
HSP00224,"Consumables Item 224",Consumables,79,15,"Ward 7 - Shelf 5",Supplier 5
HSP00225,"PPE Item 225",PPE,141,28,"Ward 10 - Shelf 2",Supplier 6
HSP00226,"Equipment Item 226",Equipment,112,22,"Ward 8 - Shelf 2",Supplier 7
HSP00227,"Medication Item 227",Medication,8,10,"Ward 6 - Shelf 4",Supplier 8
HSP00228,"Surgical Item 228",Surgical,112,22,"Ward 9 - Shelf 4",Supplier 9
HSP00229,"Diagnostics Item 229",Diagnostics,114,22,"Ward 10 - Shelf 4",Supplier 10
HSP00230,"Cleaning Item 230",Cleaning,71,14,"Ward 1 - Shelf 5",Supplier 1
HSP00231,"Office Item 231",Office,118,23,"Ward 2 - Shelf 3",Supplier 2
HSP00232,"Consumables Item 232",Consumables,111,22,"Ward 7 - Shelf 3",Supplier 3
HSP00233,"PPE Item 233",PPE,144,28,"Ward 6 - Shelf 1",Supplier 4
HSP00234,"Equipment Item 234",Equipment,25,10,"Ward 10 - Shelf 3",Supplier 5
HSP00235,"Medication Item 235",Medication,55,11,"Ward 5 - Shelf 5",Supplier 6
HSP00236,"Surgical Item 236",Surgical,161,32,"Ward 9 - Shelf 2",Supplier 7
HSP00237,"Diagnostics Item 237",Diagnostics,12,10,"Ward 2 - Shelf 3",Supplier 8
HSP00238,"Cleaning Item 238",Cleaning,44,10,"Ward 9 - Shelf 4",Supplier 9
HSP00239,"Office Item 239",Office,26,10,"Ward 6 - Shelf 3",Supplier 10
HSP00240,"Consumables Item 240",Consumables,7,10,"Ward 2 - Shelf 2",Supplier 1
HSP00241,"PPE Item 241",PPE,107,21,"Ward 3 - Shelf 5",Supplier 2
HSP00242,"Equipment Item 242",Equipment,111,22,"Ward 4 - Shelf 1",Supplier 3
HSP00243,"Medication Item 243",Medication,80,16,"Ward 4 - Shelf 5",Supplier 4
HSP00244,"Surgical Item 244",Surgical,36,10,"Ward 3 - Shelf 4",Supplier 5
HSP00245,"Diagnostics Item 245",Diagnostics,40,10,"Ward 6 - Shelf 2",Supplier 6
HSP00246,"Cleaning Item 246",Cleaning,147,29,"Ward 4 - Shelf 6",Supplier 7
HSP00247,"Office Item 247",Office,180,36,"Ward 8 - Shelf 3",Supplier 8
HSP00248,"Consumables Item 248",Consumables,58,11,"Ward 10 - Shelf 1",Supplier 9
HSP00249,"PPE Item 249",PPE,94,18,"Ward 3 - Shelf 3",Supplier 10
HSP00250,"Equipment Item 250",Equipment,5,10,"Ward 10 - Shelf 6",Supplier 1
HSP00251,"Medication Item 251",Medication,28,10,"Ward 3 - Shelf 6",Supplier 2
HSP00252,"Surgical Item 252",Surgical,73,14,"Ward 2 - Shelf 5",Supplier 3
HSP00253,"Diagnostics Item 253",Diagnostics,195,39,"Ward 1 - Shelf 2",Supplier 4
HSP00254,"Cleaning Item 254",Cleaning,89,17,"Ward 1 - Shelf 1",Supplier 5
HSP00255,"Office Item 255",Office,81,16,"Ward 7 - Shelf 5",Supplier 6
HSP00256,"Consumables Item 256",Consumables,97,19,"Ward 6 - Shelf 4",Supplier 7
HSP00257,"PPE Item 257",PPE,110,22,"Ward 6 - Shelf 4",Supplier 8
HSP00258,"Equipment Item 258",Equipment,112,22,"Ward 9 - Shelf 2",Supplier 9
HSP00259,"Medication Item 259",Medication,168,33,"Ward 5 - Shelf 3",Supplier 10
HSP00260,"Surgical Item 260",Surgical,191,38,"Ward 6 - Shelf 3",Supplier 1
HSP00261,"Diagnostics Item 261",Diagnostics,70,14,"Ward 10 - Shelf 4",Supplier 2
HSP00262,"Cleaning Item 262",Cleaning,198,39,"Ward 8 - Shelf 6",Supplier 3
HSP00263,"Office Item 263",Office,131,26,"Ward 5 - Shelf 1",Supplier 4
HSP00264,"Consumables Item 264",Consumables,5,10,"Ward 5 - Shelf 6",Supplier 5
HSP00265,"PPE Item 265",PPE,88,17,"Ward 9 - Shelf 6",Supplier 6
HSP00266,"Equipment Item 266",Equipment,117,23,"Ward 6 - Shelf 6",Supplier 7
HSP00267,"Medication Item 267",Medication,10,10,"Ward 9 - Shelf 3",Supplier 8
HSP00268,"Surgical Item 268",Surgical,100,20,"Ward 9 - Shelf 4",Supplier 9
HSP00269,"Diagnostics Item 269",Diagnostics,191,38,"Ward 4 - Shelf 5",Supplier 10
HSP00270,"Cleaning Item 270",Cleaning,168,33,"Ward 8 - Shelf 1",Supplier 1
HSP00271,"Office Item 271",Office,49,10,"Ward 10 - Shelf 1",Supplier 2
HSP00272,"Consumables Item 272",Consumables,165,33,"Ward 9 - Shelf 4",Supplier 3
HSP00273,"PPE Item 273",PPE,121,24,"Ward 2 - Shelf 2",Supplier 4
HSP00274,"Equipment Item 274",Equipment,147,29,"Ward 3 - Shelf 5",Supplier 5
HSP00275,"Medication Item 275",Medication,144,28,"Ward 8 - Shelf 3",Supplier 6
HSP00276,"Surgical Item 276",Surgical,119,23,"Ward 2 - Shelf 4",Supplier 7
HSP00277,"Diagnostics Item 277",Diagnostics,59,11,"Ward 2 - Shelf 1",Supplier 8
HSP00278,"Cleaning Item 278",Cleaning,141,28,"Ward 8 - Shelf 5",Supplier 9
HSP00279,"Office Item 279",Office,76,15,"Ward 3 - Shelf 1",Supplier 10
HSP00280,"Consumables Item 280",Consumables,77,15,"Ward 3 - Shelf 5",Supplier 1
HSP00281,"PPE Item 281",PPE,191,38,"Ward 9 - Shelf 4",Supplier 2
HSP00282,"Equipment Item 282",Equipment,114,22,"Ward 2 - Shelf 6",Supplier 3
HSP00283,"Medication Item 283",Medication,75,15,"Ward 2 - Shelf 1",Supplier 4
HSP00284,"Surgical Item 284",Surgical,113,22,"Ward 6 - Shelf 2",Supplier 5
HSP00285,"Diagnostics Item 285",Diagnostics,78,15,"Ward 9 - Shelf 4",Supplier 6
HSP00286,"Cleaning Item 286",Cleaning,161,32,"Ward 8 - Shelf 2",Supplier 7
HSP00287,"Office Item 287",Office,96,19,"Ward 5 - Shelf 6",Supplier 8
HSP00288,"Consumables Item 288",Consumables,60,12,"Ward 5 - Shelf 4",Supplier 9
HSP00289,"PPE Item 289",PPE,199,39,"Ward 4 - Shelf 6",Supplier 10
HSP00290,"Equipment Item 290",Equipment,20,10,"Ward 1 - Shelf 2",Supplier 1
HSP00291,"Medication Item 291",Medication,109,21,"Ward 6 - Shelf 5",Supplier 2
HSP00292,"Surgical Item 292",Surgical,187,37,"Ward 10 - Shelf 4",Supplier 3
HSP00293,"Diagnostics Item 293",Diagnostics,39,10,"Ward 5 - Shelf 3",Supplier 4
HSP00294,"Cleaning Item 294",Cleaning,32,10,"Ward 8 - Shelf 1",Supplier 5
HSP00295,"Office Item 295",Office,24,10,"Ward 6 - Shelf 2",Supplier 6
HSP00296,"Consumables Item 296",Consumables,15,10,"Ward 8 - Shelf 2",Supplier 7
HSP00297,"PPE Item 297",PPE,188,37,"Ward 8 - Shelf 5",Supplier 8
HSP00298,"Equipment Item 298",Equipment,183,36,"Ward 2 - Shelf 4",Supplier 9
HSP00299,"Medication Item 299",Medication,187,37,"Ward 9 - Shelf 3",Supplier 10
HSP00300,"Surgical Item 300",Surgical,115,23,"Ward 8 - Shelf 3",Supplier 1
HSP00301,"Diagnostics Item 301",Diagnostics,157,31,"Ward 8 - Shelf 5",Supplier 2
HSP00302,"Cleaning Item 302",Cleaning,183,36,"Ward 6 - Shelf 2",Supplier 3
HSP00303,"Office Item 303",Office,110,22,"Ward 2 - Shelf 6",Supplier 4
HSP00304,"Consumables Item 304",Consumables,176,35,"Ward 1 - Shelf 6",Supplier 5
HSP00305,"PPE Item 305",PPE,123,24,"Ward 7 - Shelf 4",Supplier 6
HSP00306,"Equipment Item 306",Equipment,4,10,"Ward 7 - Shelf 1",Supplier 7
HSP00307,"Medication Item 307",Medication,162,32,"Ward 5 - Shelf 1",Supplier 8
HSP00308,"Surgical Item 308",Surgical,181,36,"Ward 1 - Shelf 5",Supplier 9
HSP00309,"Diagnostics Item 309",Diagnostics,134,26,"Ward 7 - Shelf 3",Supplier 10
HSP00310,"Cleaning Item 310",Cleaning,191,38,"Ward 10 - Shelf 4",Supplier 1
HSP00311,"Office Item 311",Office,146,29,"Ward 9 - Shelf 4",Supplier 2
HSP00312,"Consumables Item 312",Consumables,69,13,"Ward 6 - Shelf 4",Supplier 3
HSP00313,"PPE Item 313",PPE,27,10,"Ward 9 - Shelf 1",Supplier 4
HSP00314,"Equipment Item 314",Equipment,104,20,"Ward 10 - Shelf 2",Supplier 5
HSP00315,"Medication Item 315",Medication,183,36,"Ward 8 - Shelf 1",Supplier 6
HSP00316,"Surgical Item 316",Surgical,171,34,"Ward 8 - Shelf 3",Supplier 7
HSP00317,"Diagnostics Item 317",Diagnostics,171,34,"Ward 7 - Shelf 1",Supplier 8
HSP00318,"Cleaning Item 318",Cleaning,32,10,"Ward 9 - Shelf 2",Supplier 9
HSP00319,"Office Item 319",Office,16,10,"Ward 6 - Shelf 3",Supplier 10
HSP00320,"Consumables Item 320",Consumables,156,31,"Ward 9 - Shelf 6",Supplier 1
HSP00321,"PPE Item 321",PPE,12,10,"Ward 1 - Shelf 2",Supplier 2
HSP00322,"Equipment Item 322",Equipment,86,17,"Ward 9 - Shelf 4",Supplier 3
HSP00323,"Medication Item 323",Medication,192,38,"Ward 3 - Shelf 1",Supplier 4
HSP00324,"Surgical Item 324",Surgical,196,39,"Ward 3 - Shelf 3",Supplier 5
HSP00325,"Diagnostics Item 325",Diagnostics,46,10,"Ward 3 - Shelf 4",Supplier 6
HSP00326,"Cleaning Item 326",Cleaning,189,37,"Ward 4 - Shelf 2",Supplier 7
HSP00327,"Office Item 327",Office,59,11,"Ward 3 - Shelf 3",Supplier 8
HSP00328,"Consumables Item 328",Consumables,55,11,"Ward 1 - Shelf 1",Supplier 9
HSP00329,"PPE Item 329",PPE,151,30,"Ward 1 - Shelf 2",Supplier 10
HSP00330,"Equipment Item 330",Equipment,113,22,"Ward 1 - Shelf 4",Supplier 1
HSP00331,"Medication Item 331",Medication,137,27,"Ward 3 - Shelf 3",Supplier 2
HSP00332,"Surgical Item 332",Surgical,54,10,"Ward 8 - Shelf 2",Supplier 3
HSP00333,"Diagnostics Item 333",Diagnostics,159,31,"Ward 10 - Shelf 4",Supplier 4
HSP00334,"Cleaning Item 334",Cleaning,47,10,"Ward 10 - Shelf 6",Supplier 5
HSP00335,"Office Item 335",Office,132,26,"Ward 3 - Shelf 2",Supplier 6
HSP00336,"Consumables Item 336",Consumables,2,10,"Ward 9 - Shelf 1",Supplier 7
HSP00337,"PPE Item 337",PPE,175,35,"Ward 3 - Shelf 4",Supplier 8
HSP00338,"Equipment Item 338",Equipment,54,10,"Ward 10 - Shelf 3",Supplier 9
HSP00339,"Medication Item 339",Medication,75,15,"Ward 1 - Shelf 5",Supplier 10
HSP00340,"Surgical Item 340",Surgical,98,19,"Ward 10 - Shelf 1",Supplier 1
HSP00341,"Diagnostics Item 341",Diagnostics,193,38,"Ward 10 - Shelf 4",Supplier 2
HSP00342,"Cleaning Item 342",Cleaning,147,29,"Ward 3 - Shelf 4",Supplier 3
HSP00343,"Office Item 343",Office,107,21,"Ward 3 - Shelf 2",Supplier 4
HSP00344,"Consumables Item 344",Consumables,55,11,"Ward 3 - Shelf 1",Supplier 5
HSP00345,"PPE Item 345",PPE,135,27,"Ward 7 - Shelf 1",Supplier 6
HSP00346,"Equipment Item 346",Equipment,162,32,"Ward 10 - Shelf 5",Supplier 7
HSP00347,"Medication Item 347",Medication,143,28,"Ward 9 - Shelf 1",Supplier 8
HSP00348,"Surgical Item 348",Surgical,79,15,"Ward 9 - Shelf 6",Supplier 9
HSP00349,"Diagnostics Item 349",Diagnostics,72,14,"Ward 10 - Shelf 3",Supplier 10
HSP00350,"Cleaning Item 350",Cleaning,116,23,"Ward 6 - Shelf 6",Supplier 1
HSP00351,"Office Item 351",Office,151,30,"Ward 6 - Shelf 1",Supplier 2
HSP00352,"Consumables Item 352",Consumables,28,10,"Ward 2 - Shelf 2",Supplier 3
HSP00353,"PPE Item 353",PPE,169,33,"Ward 10 - Shelf 3",Supplier 4
HSP00354,"Equipment Item 354",Equipment,200,40,"Ward 4 - Shelf 3",Supplier 5
HSP00355,"Medication Item 355",Medication,145,29,"Ward 3 - Shelf 3",Supplier 6
HSP00356,"Surgical Item 356",Surgical,101,20,"Ward 6 - Shelf 1",Supplier 7
HSP00357,"Diagnostics Item 357",Diagnostics,71,14,"Ward 3 - Shelf 2",Supplier 8
HSP00358,"Cleaning Item 358",Cleaning,138,27,"Ward 6 - Shelf 6",Supplier 9
HSP00359,"Office Item 359",Office,14,10,"Ward 8 - Shelf 4",Supplier 10
HSP00360,"Consumables Item 360",Consumables,74,14,"Ward 1 - Shelf 4",Supplier 1
HSP00361,"PPE Item 361",PPE,59,11,"Ward 5 - Shelf 6",Supplier 2
HSP00362,"Equipment Item 362",Equipment,79,15,"Ward 6 - Shelf 4",Supplier 3
HSP00363,"Medication Item 363",Medication,50,10,"Ward 4 - Shelf 3",Supplier 4
HSP00364,"Surgical Item 364",Surgical,167,33,"Ward 6 - Shelf 1",Supplier 5
HSP00365,"Diagnostics Item 365",Diagnostics,138,27,"Ward 5 - Shelf 3",Supplier 6
HSP00366,"Cleaning Item 366",Cleaning,69,13,"Ward 6 - Shelf 5",Supplier 7
HSP00367,"Office Item 367",Office,78,15,"Ward 2 - Shelf 3",Supplier 8
HSP00368,"Consumables Item 368",Consumables,120,24,"Ward 3 - Shelf 1",Supplier 9
HSP00369,"PPE Item 369",PPE,125,25,"Ward 5 - Shelf 6",Supplier 10
HSP00370,"Equipment Item 370",Equipment,120,24,"Ward 3 - Shelf 2",Supplier 1
HSP00371,"Medication Item 371",Medication,67,13,"Ward 2 - Shelf 3",Supplier 2
HSP00372,"Surgical Item 372",Surgical,11,10,"Ward 3 - Shelf 5",Supplier 3
HSP00373,"Diagnostics Item 373",Diagnostics,167,33,"Ward 3 - Shelf 4",Supplier 4
HSP00374,"Cleaning Item 374",Cleaning,65,13,"Ward 7 - Shelf 2",Supplier 5
HSP00375,"Office Item 375",Office,56,11,"Ward 4 - Shelf 4",Supplier 6
HSP00376,"Consumables Item 376",Consumables,70,14,"Ward 5 - Shelf 6",Supplier 7
HSP00377,"PPE Item 377",PPE,200,40,"Ward 2 - Shelf 4",Supplier 8
HSP00378,"Equipment Item 378",Equipment,157,31,"Ward 10 - Shelf 5",Supplier 9
HSP00379,"Medication Item 379",Medication,90,18,"Ward 1 - Shelf 3",Supplier 10
HSP00380,"Surgical Item 380",Surgical,47,10,"Ward 1 - Shelf 4",Supplier 1
HSP00381,"Diagnostics Item 381",Diagnostics,49,10,"Ward 2 - Shelf 2",Supplier 2
HSP00382,"Cleaning Item 382",Cleaning,157,31,"Ward 7 - Shelf 6",Supplier 3
HSP00383,"Office Item 383",Office,32,10,"Ward 10 - Shelf 5",Supplier 4
HSP00384,"Consumables Item 384",Consumables,185,37,"Ward 6 - Shelf 5",Supplier 5
HSP00385,"PPE Item 385",PPE,42,10,"Ward 4 - Shelf 4",Supplier 6
HSP00386,"Equipment Item 386",Equipment,160,32,"Ward 9 - Shelf 2",Supplier 7
HSP00387,"Medication Item 387",Medication,8,10,"Ward 6 - Shelf 3",Supplier 8
HSP00388,"Surgical Item 388",Surgical,59,11,"Ward 5 - Shelf 4",Supplier 9
HSP00389,"Diagnostics Item 389",Diagnostics,48,10,"Ward 5 - Shelf 1",Supplier 10
HSP00390,"Cleaning Item 390",Cleaning,113,22,"Ward 7 - Shelf 6",Supplier 1
HSP00391,"Office Item 391",Office,90,18,"Ward 8 - Shelf 5",Supplier 2
HSP00392,"Consumables Item 392",Consumables,200,40,"Ward 4 - Shelf 4",Supplier 3
HSP00393,"PPE Item 393",PPE,139,27,"Ward 2 - Shelf 4",Supplier 4
HSP00394,"Equipment Item 394",Equipment,36,10,"Ward 8 - Shelf 5",Supplier 5
HSP00395,"Medication Item 395",Medication,108,21,"Ward 9 - Shelf 6",Supplier 6
HSP00396,"Surgical Item 396",Surgical,57,11,"Ward 2 - Shelf 5",Supplier 7
HSP00397,"Diagnostics Item 397",Diagnostics,200,40,"Ward 9 - Shelf 3",Supplier 8
HSP00398,"Cleaning Item 398",Cleaning,155,31,"Ward 6 - Shelf 1",Supplier 9
HSP00399,"Office Item 399",Office,31,10,"Ward 3 - Shelf 2",Supplier 10
HSP00400,"Consumables Item 400",Consumables,70,14,"Ward 10 - Shelf 3",Supplier 1
HSP00401,"PPE Item 401",PPE,29,10,"Ward 4 - Shelf 4",Supplier 2
HSP00402,"Equipment Item 402",Equipment,73,14,"Ward 3 - Shelf 2",Supplier 3
HSP00403,"Medication Item 403",Medication,4,10,"Ward 7 - Shelf 3",Supplier 4
HSP00404,"Surgical Item 404",Surgical,96,19,"Ward 8 - Shelf 3",Supplier 5
HSP00405,"Diagnostics Item 405",Diagnostics,40,10,"Ward 9 - Shelf 5",Supplier 6
HSP00406,"Cleaning Item 406",Cleaning,47,10,"Ward 4 - Shelf 6",Supplier 7
HSP00407,"Office Item 407",Office,1,10,"Ward 10 - Shelf 6",Supplier 8
HSP00408,"Consumables Item 408",Consumables,96,19,"Ward 4 - Shelf 6",Supplier 9
HSP00409,"PPE Item 409",PPE,52,10,"Ward 9 - Shelf 4",Supplier 10
HSP00410,"Equipment Item 410",Equipment,109,21,"Ward 4 - Shelf 6",Supplier 1
HSP00411,"Medication Item 411",Medication,100,20,"Ward 8 - Shelf 3",Supplier 2
HSP00412,"Surgical Item 412",Surgical,160,32,"Ward 7 - Shelf 5",Supplier 3
HSP00413,"Diagnostics Item 413",Diagnostics,15,10,"Ward 3 - Shelf 6",Supplier 4
HSP00414,"Cleaning Item 414",Cleaning,138,27,"Ward 8 - Shelf 5",Supplier 5
HSP00415,"Office Item 415",Office,93,18,"Ward 1 - Shelf 5",Supplier 6
HSP00416,"Consumables Item 416",Consumables,71,14,"Ward 6 - Shelf 4",Supplier 7
HSP00417,"PPE Item 417",PPE,170,34,"Ward 9 - Shelf 4",Supplier 8
HSP00418,"Equipment Item 418",Equipment,141,28,"Ward 10 - Shelf 5",Supplier 9
HSP00419,"Medication Item 419",Medication,161,32,"Ward 8 - Shelf 1",Supplier 10
HSP00420,"Surgical Item 420",Surgical,125,25,"Ward 6 - Shelf 1",Supplier 1
HSP00421,"Diagnostics Item 421",Diagnostics,66,13,"Ward 1 - Shelf 3",Supplier 2
HSP00422,"Cleaning Item 422",Cleaning,24,10,"Ward 7 - Shelf 6",Supplier 3
HSP00423,"Office Item 423",Office,55,11,"Ward 4 - Shelf 6",Supplier 4
HSP00424,"Consumables Item 424",Consumables,200,40,"Ward 5 - Shelf 3",Supplier 5
HSP00425,"PPE Item 425",PPE,67,13,"Ward 2 - Shelf 5",Supplier 6
HSP00426,"Equipment Item 426",Equipment,102,20,"Ward 2 - Shelf 1",Supplier 7
HSP00427,"Medication Item 427",Medication,99,19,"Ward 8 - Shelf 2",Supplier 8
HSP00428,"Surgical Item 428",Surgical,154,30,"Ward 8 - Shelf 1",Supplier 9
HSP00429,"Diagnostics Item 429",Diagnostics,76,15,"Ward 8 - Shelf 5",Supplier 10
HSP00430,"Cleaning Item 430",Cleaning,171,34,"Ward 2 - Shelf 5",Supplier 1
HSP00431,"Office Item 431",Office,166,33,"Ward 10 - Shelf 1",Supplier 2
HSP00432,"Consumables Item 432",Consumables,18,10,"Ward 2 - Shelf 3",Supplier 3
HSP00433,"PPE Item 433",PPE,49,10,"Ward 3 - Shelf 3",Supplier 4
HSP00434,"Equipment Item 434",Equipment,119,23,"Ward 9 - Shelf 4",Supplier 5
HSP00435,"Medication Item 435",Medication,144,28,"Ward 10 - Shelf 4",Supplier 6
HSP00436,"Surgical Item 436",Surgical,98,19,"Ward 4 - Shelf 1",Supplier 7
HSP00437,"Diagnostics Item 437",Diagnostics,153,30,"Ward 7 - Shelf 1",Supplier 8
HSP00438,"Cleaning Item 438",Cleaning,196,39,"Ward 10 - Shelf 3",Supplier 9
HSP00439,"Office Item 439",Office,7,10,"Ward 10 - Shelf 3",Supplier 10
HSP00440,"Consumables Item 440",Consumables,12,10,"Ward 5 - Shelf 1",Supplier 1
HSP00441,"PPE Item 441",PPE,98,19,"Ward 7 - Shelf 4",Supplier 2
HSP00442,"Equipment Item 442",Equipment,93,18,"Ward 8 - Shelf 3",Supplier 3
HSP00443,"Medication Item 443",Medication,94,18,"Ward 3 - Shelf 4",Supplier 4
HSP00444,"Surgical Item 444",Surgical,34,10,"Ward 3 - Shelf 3",Supplier 5
HSP00445,"Diagnostics Item 445",Diagnostics,98,19,"Ward 10 - Shelf 6",Supplier 6
HSP00446,"Cleaning Item 446",Cleaning,140,28,"Ward 4 - Shelf 3",Supplier 7
HSP00447,"Office Item 447",Office,155,31,"Ward 7 - Shelf 5",Supplier 8
HSP00448,"Consumables Item 448",Consumables,47,10,"Ward 1 - Shelf 3",Supplier 9
HSP00449,"PPE Item 449",PPE,85,17,"Ward 2 - Shelf 6",Supplier 10
HSP00450,"Equipment Item 450",Equipment,113,22,"Ward 4 - Shelf 5",Supplier 1
HSP00451,"Medication Item 451",Medication,42,10,"Ward 9 - Shelf 2",Supplier 2
HSP00452,"Surgical Item 452",Surgical,13,10,"Ward 10 - Shelf 5",Supplier 3
HSP00453,"Diagnostics Item 453",Diagnostics,199,39,"Ward 10 - Shelf 1",Supplier 4
HSP00454,"Cleaning Item 454",Cleaning,51,10,"Ward 8 - Shelf 2",Supplier 5
HSP00455,"Office Item 455",Office,11,10,"Ward 2 - Shelf 3",Supplier 6
HSP00456,"Consumables Item 456",Consumables,192,38,"Ward 1 - Shelf 6",Supplier 7
HSP00457,"PPE Item 457",PPE,117,23,"Ward 1 - Shelf 5",Supplier 8
HSP00458,"Equipment Item 458",Equipment,54,10,"Ward 3 - Shelf 1",Supplier 9
HSP00459,"Medication Item 459",Medication,195,39,"Ward 2 - Shelf 5",Supplier 10
HSP00460,"Surgical Item 460",Surgical,197,39,"Ward 7 - Shelf 4",Supplier 1
HSP00461,"Diagnostics Item 461",Diagnostics,111,22,"Ward 9 - Shelf 1",Supplier 2
HSP00462,"Cleaning Item 462",Cleaning,195,39,"Ward 8 - Shelf 4",Supplier 3
HSP00463,"Office Item 463",Office,162,32,"Ward 8 - Shelf 3",Supplier 4
HSP00464,"Consumables Item 464",Consumables,126,25,"Ward 8 - Shelf 4",Supplier 5
HSP00465,"PPE Item 465",PPE,128,25,"Ward 10 - Shelf 2",Supplier 6
HSP00466,"Equipment Item 466",Equipment,132,26,"Ward 8 - Shelf 6",Supplier 7
HSP00467,"Medication Item 467",Medication,31,10,"Ward 7 - Shelf 5",Supplier 8
HSP00468,"Surgical Item 468",Surgical,65,13,"Ward 10 - Shelf 3",Supplier 9
HSP00469,"Diagnostics Item 469",Diagnostics,68,13,"Ward 8 - Shelf 3",Supplier 10
HSP00470,"Cleaning Item 470",Cleaning,8,10,"Ward 8 - Shelf 2",Supplier 1
HSP00471,"Office Item 471",Office,198,39,"Ward 1 - Shelf 6",Supplier 2
HSP00472,"Consumables Item 472",Consumables,77,15,"Ward 9 - Shelf 3",Supplier 3
HSP00473,"PPE Item 473",PPE,20,10,"Ward 4 - Shelf 4",Supplier 4
HSP00474,"Equipment Item 474",Equipment,123,24,"Ward 5 - Shelf 3",Supplier 5
HSP00475,"Medication Item 475",Medication,18,10,"Ward 9 - Shelf 5",Supplier 6
HSP00476,"Surgical Item 476",Surgical,58,11,"Ward 6 - Shelf 6",Supplier 7
HSP00477,"Diagnostics Item 477",Diagnostics,139,27,"Ward 9 - Shelf 3",Supplier 8
HSP00478,"Cleaning Item 478",Cleaning,24,10,"Ward 5 - Shelf 4",Supplier 9
HSP00479,"Office Item 479",Office,18,10,"Ward 7 - Shelf 5",Supplier 10
HSP00480,"Consumables Item 480",Consumables,43,10,"Ward 10 - Shelf 2",Supplier 1
HSP00481,"PPE Item 481",PPE,141,28,"Ward 7 - Shelf 6",Supplier 2
HSP00482,"Equipment Item 482",Equipment,31,10,"Ward 5 - Shelf 3",Supplier 3
HSP00483,"Medication Item 483",Medication,54,10,"Ward 2 - Shelf 2",Supplier 4
HSP00484,"Surgical Item 484",Surgical,198,39,"Ward 10 - Shelf 4",Supplier 5
HSP00485,"Diagnostics Item 485",Diagnostics,158,31,"Ward 8 - Shelf 5",Supplier 6
HSP00486,"Cleaning Item 486",Cleaning,80,16,"Ward 5 - Shelf 1",Supplier 7
HSP00487,"Office Item 487",Office,33,10,"Ward 1 - Shelf 6",Supplier 8
HSP00488,"Consumables Item 488",Consumables,188,37,"Ward 9 - Shelf 3",Supplier 9
HSP00489,"PPE Item 489",PPE,142,28,"Ward 2 - Shelf 6",Supplier 10
HSP00490,"Equipment Item 490",Equipment,140,28,"Ward 4 - Shelf 2",Supplier 1
HSP00491,"Medication Item 491",Medication,170,34,"Ward 3 - Shelf 3",Supplier 2
HSP00492,"Surgical Item 492",Surgical,45,10,"Ward 3 - Shelf 2",Supplier 3
HSP00493,"Diagnostics Item 493",Diagnostics,25,10,"Ward 9 - Shelf 1",Supplier 4
HSP00494,"Cleaning Item 494",Cleaning,70,14,"Ward 3 - Shelf 4",Supplier 5
HSP00495,"Office Item 495",Office,189,37,"Ward 6 - Shelf 1",Supplier 6
HSP00496,"Consumables Item 496",Consumables,13,10,"Ward 6 - Shelf 2",Supplier 7
HSP00497,"PPE Item 497",PPE,90,18,"Ward 4 - Shelf 1",Supplier 8
HSP00498,"Equipment Item 498",Equipment,172,34,"Ward 5 - Shelf 6",Supplier 9
HSP00499,"Medication Item 499",Medication,42,10,"Ward 1 - Shelf 6",Supplier 10
HSP00500,"Surgical Item 500",Surgical,181,36,"Ward 7 - Shelf 4",Supplier 1